,PERGUNTA    WHATSAPP,Resposta LLM 1,Resposta LLM 2,Qual a melhor resposta?,A melhor resposta foi √∫til?,Pergunta do FAQ que melhor traduz a pergunta do Whatsapp
1,"Boa tarde! Gostaria de tirar uma d√∫vida. As a√ß√µes or√ßament√°rias poder√£o ser modificadas com o objetivo de se adequar melhor as iniciativas a serem propostas no Plano 24-27?
","Sim, as a√ß√µes or√ßament√°rias podem ser modificadas com o objetivo de se adequar melhor √†s iniciativas a serem propostas no Plano 24-27, e isso deve ser feito durante o processo de revis√£o do Plano Plurianual, considerando a manuten√ß√£o ou altera√ß√£o do grupo de gasto e a aloca√ß√£o de recursos para as iniciativas.","Sim, durante o processo de revis√£o do PPA 2024-2027, √© poss√≠vel modificar as a√ß√µes or√ßament√°rias para adequ√°-las √†s iniciativas propostas. Esses ajustes devem refletir prioridades atualizadas, cen√°rios econ√¥micos e diretrizes governamentais, mantendo o alinhamento entre produtos planejados, indicadores de resultados e recursos dispon√≠veis. As altera√ß√µes incluem revis√£o de grupos de gasto, descri√ß√£o de recursos e vincula√ß√£o √†s iniciativas, desde que validadas pela equipe t√©cnica da SEPLAG/SUPLAN e formalizadas no SIPLAG, conforme cronograma estabelecido na Resolu√ß√£o da Ag√™ncia de Eventos.",,N√£o se Aplica,57; 56
2,"Precisei solicitar uma nova senha de acesso para o SIPLAG. Em resposta, o sistema me enviou mais de 20 senhas diferentes. Todas dando erro de acesso.  Precisamos acompanhar nossos atos e n√£o consigo acessar.","√â recomendado que voc√™ entre em contato com a equipe de suporte do SIPLAG, possivelmente atrav√©s da cria√ß√£o de um processo p√∫blico no SEI ou assistindo ao v√≠deo tutorial dispon√≠vel no canal do Youtube da REDEPLAN. Al√©m disso, certifique-se de que voc√™ est√° usando o navegador Mozilla Firefox vers√£o 40.x ou superior, pois o sistema √© compat√≠vel apenas com esse navegador. Se o problema persistir, √© poss√≠vel que seja necess√°rio criar um novo cadastro de usu√°rio ou solicitar ajuda adicional da equipe de suporte.",Recomenda-se entrar em contato com a Secretaria de Estado de Planejamento e Gest√£o (SEPLAG) ou com a Assessoria de Planejamento e Or√ßamento (ASPLO) do seu √≥rg√£o para orienta√ß√£o t√©cnica. A Rede de Planejamento (REDEPLAN) tamb√©m pode auxiliar na intermedia√ß√£o com a SEPLAG para resolver problemas de acesso ao SIPLAG. Esses canais poder√£o verificar o problema das m√∫ltiplas senhas inv√°lidas e regularizar seu acesso ao sistema.,,N√£o se Aplica,109; 110
3,bom dia! Com quem posso falar sobre senha do SIPLAG?,"Bom dia! Para obter informa√ß√µes sobre a senha do SIPLAG, voc√™ pode seguir os seguintes passos: para o primeiro acesso, a senha padr√£o √© ""Siplag"", que foi encaminhada para o email do usu√°rio. Se voc√™ tiver alguma d√∫vida adicional, pode ser necess√°rio realizar o cadastro de usu√°rio por meio do formul√°rio de cadastro de usu√°rio do SIPLAG dispon√≠vel no SEI.","Para quest√µes relacionadas √† senha do SIPLAG, voc√™ deve entrar em contato com a equipe de suporte respons√°vel pelo sistema. Al√©m disso, recomenda-se assistir ao v√≠deo tutorial dispon√≠vel no canal da REDEPLAN ou seguir o procedimento de cadastro de usu√°rio atrav√©s do formul√°rio espec√≠fico no SEI, conforme orientado no processo de elabora√ß√£o de of√≠cio de mero expediente.",,N√£o se Aplica,109; 110
4," Bom dia, Algu√©m poderia me esclarecer como preencher as UNIDADES PARA ACESSO no formul√°rio de cadastro de usu√°rio para acesso ao Sistema SIPLAG no SEI?","Para preencher as ""UNIDADES PARA ACESSO"" no cadastro de usu√°rio para acesso ao Sistema SIPLAG no SEI, voc√™ deve identificar as unidades que necessitam acessar o sistema, verificar as fun√ß√µes espec√≠ficas de cada unidade, acessar o manual ou documenta√ß√£o para orienta√ß√µes, contatar o suporte se necess√°rio e preencher o campo com as unidades relevantes, garantindo que o acesso siga as pol√≠ticas de seguran√ßa da informa√ß√£o e os princ√≠pios de governan√ßa de TI","As orienta√ß√µes sobre o cadastro de usu√°rios no SEI para acesso ao SIPLAG n√£o est√£o detalhadas nos manuais operacionais do PPA 2024-2027 dispon√≠veis. Recomendo:

1) Consultar os manuais espec√≠ficos do SEI (Sistema Eletr√¥nico de Informa√ß√µes)
2) Entrar em contato com a equipe t√©cnica atrav√©s do e-mail redeplan@planejamento.rj.gov.br
3) Acessar o site da Rede de Planejamento RJ (https://www.planejamento.rj.gov.br) para obter suporte personalizado sobre o preenchimento correto do formul√°rio de cadastro.",,N√£o se Aplica,109; 110
5,"A indica√ß√£o  dos servidores respons√°veis pelo lan√ßamento no siplag do PPA, POD e LOA pode ser via e-mail ou ter√°  que ser aberto processo no SEI?
","A indica√ß√£o dos servidores respons√°veis pelo lan√ßamento no SIPLAG do PPA, POD e LOA pode ser feita via e-mail para o endere√ßo redeplan@planejamento.rj.gov.br, ou pode ser necess√°rio abrir um processo no SEI, mas n√£o h√° informa√ß√µes espec√≠ficas sobre isso nos textos fornecidos. √â recomend√°vel entrar em contato com o e-mail fornecido para obter mais informa√ß√µes.","A indica√ß√£o dos servidores respons√°veis pelo lan√ßamento no SIPLAG referente ao PPA, POD e LOA deve ser realizada atrav√©s da abertura de um Processo Administrativo Eletr√¥nico no SEI, conforme estabelecido no item 3.1 do FAQ. N√£o √© permitido fazer essa designa√ß√£o via e-mail, sendo obrigat√≥rio utilizar o canal oficial do SEI para garantir a formalidade e registro adequado do processo.",,N√£o se Aplica,103
6,"No caso dos √≥rg√£os que j√° t√™m servidores operando o SIPLAG tamb√©m √© preciso fazer a indica√ß√£o?
","Sim, √© necess√°rio fazer a indica√ß√£o de servidores para o SIPLAG em √≥rg√£os que j√° o utilizam, criando um processo p√∫blico no SEI do tipo Elabora√ß√£o de of√≠cio de mero expediente, com um despacho de encaminhamento de processo e anexando o formul√°rio de cadastro de usu√°rio do SIPLAG dispon√≠vel no SEI como Cadastro de usu√°rio para acesso ao sistema.","Sim, mesmo os √≥rg√£os que j√° possuem servidores operando o SIPLAG devem realizar a indica√ß√£o seguindo os procedimentos estabelecidos. Conforme o Guia Operacional, √© necess√°rio:
1. Consultar as a√ß√µes or√ßament√°rias sem iniciativa vinculada;
2. Editar a a√ß√£o desejada;
3. Preencher o campo de descri√ß√£o do gasto;
4. Salvar as altera√ß√µes.
Essas etapas s√£o obrigat√≥rias para garantir a correta vincula√ß√£o das a√ß√µes √†s iniciativas do PPA 2024-2027, independentemente da experi√™ncia pr√©via dos usu√°rios no sistema.",LLM 2,SIM,103
7,"Bom dia. N√£o estou conseguindo gerar o doc do PPA 2024-2027 no site da REDEPLAN. Ao clicar no link, abre outra aba do site mas n√£o gera o doc. Algu√©m poderia me enviar por favor ou tentar solucionar esse erro ? Desde j√°, agrade√ßo.","Para resolver o erro t√©cnico ao gerar o documento PPA 2024-2027, siga os passos recomendados, como verificar a conex√£o de internet, atualizar o sistema, verificar os dados de entrada, consultar o manual do usu√°rio, contatar o suporte t√©cnico, verificar a configura√ß√£o do sistema, revisar os registros de erro e seguir as orienta√ß√µes da SEPLAG. Se o problema persistir, n√£o hesite em contatar o suporte t√©cnico para obter assist√™ncia personalizada.","O problema pode estar relacionado a requisitos n√£o atendidos nas iniciativas do PPA. Verifique:
1. Todos os campos obrigat√≥rios preenchidos (t√≠tulo, justificativa, objetivo, etc.);
2. Vincula√ß√£o de a√ß√µes or√ßament√°rias (projetos/atividades);
3. Indicadores obrigat√≥rios em programas de Servi√ßos √† Sociedade;
4. Alinhamento entre produtos, objetivos e indicadores.

Se todos os requisitos estiverem atendidos e o erro persistir, recomendo:
- Limpar cache do navegador
- Tentar outro navegador/dispositivo
- Contatar a equipe da REDEPLAN pelo e-mail planejamento@planejamento.gov.br ou telefone (61) 2020-1821 para suporte t√©cnico direto.",,N√£o se Aplica,107
8,Consigo emitir relat√≥rio referentes as metas f√≠sicas dos produtos diretamente do SIPLAG PPA apenas para minha up? ,"Sim, √© poss√≠vel emitir relat√≥rios referentes √†s metas f√≠sicas dos produtos diretamente do SIPLAG PPA apenas para sua Unidade de Planejamento (UP). Para fazer isso, voc√™ deve seguir os passos indicados no guia de utiliza√ß√£o do SIPLAG, que inclui acessar o sistema, selecionar a UP desejada e o per√≠odo para o qual deseja emitir o relat√≥rio, e escolher a op√ß√£o para emitir o relat√≥rio de metas f√≠sicas dos produtos. O sistema oferece diferentes formatos para o relat√≥rio, como PDF, XLSX ou CSV. Se encontrar dificuldades, voc√™ pode entrar em contato com a equipe de suporte do SIPLAG ou com a Rede de Planejamento (REDEPLAN) para obter assist√™ncia.","Sim, √© poss√≠vel emitir relat√≥rios espec√≠ficos para sua Unidade Planejadora (UP) no SIPLAG PPA. O sistema permite a gera√ß√£o de relat√≥rios detalhados sobre metas f√≠sicas dos produtos, com filtros por UP, garantindo que cada unidade possa acompanhar e gerenciar suas pr√≥prias informa√ß√µes de forma segmentada. Consulte a se√ß√£o ""Relat√≥rios"" no m√≥dulo correspondente e utilize os filtros dispon√≠veis para selecionar sua UP antes de gerar o documento.",LLM 2,SIM,50
9,Algum de  voc√™s conseguiu desde sexta-feira gerar relat√≥rio do segundo quadrimestre.,-,-,,N√£o se Aplica,NA
10,Boa tarde! A extra√ß√£o dos relat√≥rios n√£o est√° funcionando corretamente no SIPLAG. Relatamos a situa√ß√£o para a TI.,-,-,,N√£o se Aplica,NA
11,"Boa tarde, algu√©m est√° conseguindo solicitar o relat√≥rio de a√ß√µes n√£o atualizadas?
Por aqui parece estar com um bug no sistema.",-,-,,N√£o se Aplica,NA
12,"Com rela√ß√£o √†s Redes nas Empresas qual o n√∫mero de integrantes a serem nomeados? Nos anos anteriores eram 3(tr√™s) em cada Rede.
","Infelizmente, n√£o foi poss√≠vel determinar o n√∫mero exato de integrantes a serem nomeados nas Redes nas Empresas com base nas informa√ß√µes fornecidas. No entanto, √© poss√≠vel que o n√∫mero de integrantes seja vari√°vel e dependa da estrutura e do tamanho do √≥rg√£o, e que nos anos anteriores eram 3 integrantes em cada Rede.","De acordo com as informa√ß√µes dispon√≠veis no Manual de Elabora√ß√£o do PPA 2024-2027, n√£o h√° men√ß√£o espec√≠fica ao n√∫mero de integrantes das Redes nas Empresas na atual edi√ß√£o. A refer√™ncia aos 3 (tr√™s) membros mencionados em anos anteriores n√£o foi atualizada ou alterada no material consultado. Para confirma√ß√£o oficial, recomenda-se consultar diretamente o Decreto 48.413/23 ou orienta√ß√µes complementares da Secretaria de Planejamento.",,N√£o se Aplica,103
13,E podemos ent√£o retirar produtos zerando as metas?,"Sim, √© poss√≠vel retirar produtos zerando as metas, desde que se sigam os procedimentos estabelecidos no manual de revis√£o do Plano Plurianual e sejam consideradas as mudan√ßas realizadas, as iniciativas, produtos, a√ß√µes e indicadores, e a realidade do √≥rg√£o setorial. √â importante lembrar que a revis√£o da estrutura da programa√ß√£o deve ser feita de forma encadeada e considerando a realidade do √≥rg√£o setorial.","Sim, √© poss√≠vel retirar produtos do PPA zerando suas metas, desde que atendidos os seguintes crit√©rios:

1. O produto deve estar desalinhado das prioridades institucionais para 2025;
2. A meta f√≠sica deve ser definida como zero no sistema de planejamento (SIPLAG);
3. A exclus√£o deve ocorrer durante o per√≠odo oficial de revis√£o;
4. √â obrigat√≥ria a apresenta√ß√£o de justificativa t√©cnica que comprove:
   - Aus√™ncia de previs√£o de execu√ß√£o futura;
   - Mudan√ßa no foco das entregas final√≠sticas do √≥rg√£o;
5. Deve-se manter a coer√™ncia com o ciclo or√ßament√°rio de m√©dio prazo.

Essa altera√ß√£o formaliza a descontinuidade da iniciativa no Plano Plurianual, indicando que o produto n√£o far√° mais parte das entregas planejadas para o exerc√≠cio seguinte.",LLM 2,N√ÉO,50; 54; 76; 55; 69; 89
14,Gostaria de tirar uma d√∫vida! Nessa adequa√ß√£o das metas e indicadores posso incluir produtos ou s√≥ alterar o quantitativo das metas j√° lan√ßadas?,"Sim, √© poss√≠vel incluir produtos ou alterar o quantitativo das metas j√° lan√ßadas, desde que seja feito no in√≠cio do ano e que os produtos sejam som√°veis e monitorados quadrimestralmente. Al√©m disso, os produtos devem ser espec√≠ficos o suficiente para dar visibilidade e transpar√™ncia √†s realiza√ß√µes do governo.","De acordo com o manual de elabora√ß√£o do PPA 24-27, durante a revis√£o anual para adequa√ß√£o de metas e indicadores, √© permitido ajustar o quantitativo das metas f√≠sicas existentes, mas n√£o h√° previs√£o para inclus√£o de novos produtos. A defini√ß√£o de produtos est√° vinculada ao planejamento inicial da iniciativa, devendo ser mantida a coer√™ncia com os objetivos estabelecidos. As altera√ß√µes posteriores devem se limitar a ajustes quantitativos e de especifica√ß√µes t√©cnicas dos produtos j√° previstos, garantindo que continuem atendendo adequadamente aos objetivos da a√ß√£o or√ßament√°ria.",LLM 2,,67; 69
15," Boa tarde, podemos concluir a proposta mesmo n√£o aparecendo as iniciativas lan√ßadas? Obrigada.","Sim, √© poss√≠vel concluir a proposta mesmo que n√£o apare√ßam as iniciativas lan√ßadas, desde que as metas e objetivos sejam alcan√ßados por meio de outras a√ß√µes ou iniciativas. √â fundamental que o √≥rg√£o respons√°vel pela elabora√ß√£o do PPA verifique se as metas e objetivos foram alcan√ßados e mantenha um registro de informa√ß√µes sobre as iniciativas que n√£o foram lan√ßadas.","N√£o √© recomendado concluir a proposta do PPA sem que as iniciativas estejam devidamente registradas e vis√≠veis no sistema. De acordo com as orienta√ß√µes, √© fundamental verificar:

1. A adequa√ß√£o metodol√≥gica da estrutura proposta;
2. O cumprimento dos crit√©rios de vincula√ß√£o das iniciativas aos programas (Servi√ßos √† Sociedade ou Servi√ßos ao Estado);
3. A associa√ß√£o correta das iniciativas a a√ß√µes or√ßament√°rias dos grupos L4 ou L5.

Caso as iniciativas continuem indispon√≠veis ap√≥s essas verifica√ß√µes, entre em contato com a equipe do PPA pelo e-mail **ppa@planejamento.rj.gov.br** para suporte t√©cnico. A finaliza√ß√£o incompleta pode gerar inconsist√™ncias no planejamento e dificuldades operacionais futuras",LLM 2,SIM,NA
16,Bom dia! Estou tentando incluir um produto que tenho como resposta que ele j√° existe s√≥ que tb n√£o se encontra na rela√ß√£o de produtos no SIPLAG,"O usu√°rio deve verificar se o produto est√° cadastrado no SIPLAG com um c√≥digo diferente ou se est√° relacionado a uma unidade de planejamento diferente. Al√©m disso, √© recomend√°vel consultar a Tabela Base do SIPLAG para verificar se o produto j√° existe e pode ser utilizado pela unidade de planejamento do usu√°rio. Se o problema persistir, o usu√°rio pode entrar em contato com o suporte t√©cnico do SIPLAG para obter ajuda adicional.","Para resolver o problema ao incluir um produto no SIPLAG que o sistema afirma j√° existir, mas n√£o aparece na listagem:

1Ô∏è‚É£ Verifique na tabela base do SIPLAG se h√° produtos com:
   - T√≠tulo similar (mesmo que parcialmente)
   - C√≥digo id√™ntico
   - Exist√™ncia em outra unidade de planejamento

2Ô∏è‚É£ Se n√£o encontrar, contate imediatamente a equipe do PPA:
   üìß ppa@planejamento.rj.gov.br
   üìã Informe no e-mail:
   ‚Ä¢ T√≠tulo completo do produto
   ‚Ä¢ Unidade de medida proposta
   ‚Ä¢ Dados de regionaliza√ß√£o (se aplic√°vel)
   ‚Ä¢ Metas associadas

Importante:
‚úÖ T√≠tulos devem ter at√© 80 caracteres
‚úÖ Seguir estrutura ""Verbo + Objeto + Complemento""
‚ùå Evitar duplicidades metodol√≥gicas

A equipe t√©cnica verificar√° se:
- O produto precisa de ajustes conceituais
- Existe registro oculto por filtros
- H√° necessidade de migra√ß√£o entre unidades",LLM 2,,48
17,"Bom dia. Eu conclu√≠ a minha proposta da iniciativa, mas n√£o consegui associar nenhuma a√ß√£o nela. N√£o aparece nada. Pode me ajudar?","Para associar a√ß√µes or√ßament√°rias √† sua iniciativa, voc√™ deve garantir que cada a√ß√£o or√ßament√°ria esteja vinculada a apenas uma iniciativa. Verifique se as a√ß√µes or√ßament√°rias est√£o corretamente definidas e se elas financiam aquisi√ß√µes e contrata√ß√µes necess√°rias para viabilizar a entrega dos produtos planejados. Al√©m disso, certifique-se de que a iniciativa tenha uma ou mais a√ß√µes or√ßament√°rias associadas, mas que cada a√ß√£o or√ßament√°ria esteja vinculada a apenas uma iniciativa. Se voc√™ tiver alguma d√∫vida adicional, por favor, n√£o hesite em perguntar.","Para associar a√ß√µes √† sua iniciativa no SIPLAG, siga estas etapas:

1. **Acesse as a√ß√µes existentes**:
   - Na tela da Unidade Planejadora (UP), clique em ""Consultar A√ß√µes sem iniciativa""
   - Selecione a a√ß√£o desejada usando o √≠cone de l√°pis e preencha a ""Descri√ß√£o do gasto""

2. **Associe as a√ß√µes √† iniciativa**:
   - Na se√ß√£o ""A√ß√µes Associadas"" da iniciativa, use o bot√£o "">"" para mover as a√ß√µes da lista dispon√≠vel para a lista vinculada
   - Adicione obrigatoriamente o indicador I0001 (Indicador Gen√©rico 001)

3. **Para a√ß√µes novas**:
   - Crie primeiro a a√ß√£o via ""Propor inclus√£o de novo item"" > ""A√ß√£o Or√ßament√°ria""
   - Depois associe √† iniciativa seguindo os passos acima

4. **Finaliza√ß√£o**:
   - Salve a iniciativa e use ""Concluir Revis√£o"" para enviar para an√°lise
   - Verifique sempre a Tabela Base do SIPLAG para evitar duplica√ß√µes

Se as a√ß√µes n√£o aparecerem, verifique se j√° est√£o cadastradas ou se foram criadas corretamente antes de tentar associ√°-las √† iniciativa.",LLM 2,SIM,57; 72
18,"Boa tarde! N√£o consigo cadastrar um produto. Aparece essa mensagem, mas n√£o encontro esse numero na listagem de produtos. Como procedo por favor","Para resolver o problema de n√£o encontrar o n√∫mero na listagem de produtos, tente seguir os passos fornecidos pelo tool para realizar a listagem de produtos no SIPLAG PPA, incluindo a filtragem e visualiza√ß√£o. Se continuar tendo dificuldades, entre em contato com o suporte t√©cnico do SIPLAG para obter ajuda adicional. Al√©m disso, verifique se os atributos obrigat√≥rios do produto foram preenchidos corretamente e se o produto j√° existe na Tabela Base do SIPLAG. Se o erro persistir, consulte o manual de elabora√ß√£o do PPA ou contate o suporte t√©cnico do SIPLAG para obter ajuda adicional.","Para resolver o erro de ""n√∫mero n√£o encontrado na listagem"" ao cadastrar um produto:

1. **Verifique os produtos existentes**:
   - Acesse: Administra√ß√£o > Manuten√ß√£o de Tabelas > Itens de Planejamento
   - Use a busca com %palavra-chave% para localizar produtos j√° cadastrados

2. **N√£o utilize n√∫meros/c√≥digos manuais**:
   - O sistema gera automaticamente c√≥digos provis√≥rios durante a proposta de inclus√£o
   - Use apenas produtos validados pelo √≥rg√£o central

3. **Para incluir novo produto**:
   - Preencha todos os campos obrigat√≥rios:
     ‚Ä¢ T√≠tulo Oficial (80 caracteres)
     ‚Ä¢ T√≠tulo Resumido (45 caracteres)
     ‚Ä¢ Unidade de Medida
     ‚Ä¢ Regionaliza√ß√£o

4. **Cuidado com duplicidades**:
   - Verifique se j√° existe produto similar antes de criar novo

5. **Siga a ordem correta**:
   - Cadastre primeiro o produto antes de vincul√°-lo a iniciativas (conforme item 4.1 e 5 do guia)

Caso persista, entre em contato com o suporte t√©cnico do SIPLAG informando prints da tela e mensagem completa do erro.",LLM 2,SIM,44; 46; 48
19,"Lancei duas iniciativas com todos os dados, mas n√£o est√£o aparecendo nas Propostas, j√° tentei v√°rias vezes","√â poss√≠vel que as iniciativas n√£o estejam aparecendo nas Propostas devido a um problema no registro ou atualiza√ß√£o das informa√ß√µes no Sistema de Intelig√™ncia em Planejamento e Gest√£o (Siplag). Verifique se as iniciativas foram lan√ßadas corretamente e se as informa√ß√µes est√£o atualizadas. Al√©m disso, √© importante verificar se as iniciativas est√£o alinhadas com as prioridades do √≥rg√£o e se recebem recursos de uma ou mais a√ß√µes or√ßament√°rias. Se o problema persistir, √© recomend√°vel contatar o √≥rg√£o central de planejamento para obter ajuda adicional.","Suas iniciativas podem n√£o estar aparecendo nas propostas do PPA por v√°rios motivos, conforme o manual:

1. **Prioriza√ß√£o estrat√©gica**: A governan√ßa pode ter exclu√≠do a√ß√µes que n√£o se alinham √†s metas do quadri√™nio 2024-2027.
2. **Viabilidade t√©cnica/or√ßament√°ria**: Iniciativas com recursos humanos/financeiros insuficientes ou hist√≥rico de n√£o execu√ß√£o em anos anteriores podem ser filtradas.
3. **Classifica√ß√£o inadequada**: Se foram registradas como ""a√ß√µes de manuten√ß√£o"" (mais adequadas para LOA), s√£o automaticamente exclu√≠das do PPA.
4. **Adaptabilidade a cen√°rios**: Propostas pouco flex√≠veis a varia√ß√µes de recursos podem ser temporariamente suspensas para otimiza√ß√£o or√ßament√°ria.

Sugiro:
- Verificar o enquadramento correto como ""projeto"" (n√£o como a√ß√£o de manuten√ß√£o)
- Revisar o alinhamento com as 12 dimens√µes estrat√©gicas do PPA 2024-2027
- Consultar a equipe de governan√ßa para entender crit√©rios espec√≠ficos de exclus√£o
- Verificar se houve pend√™ncias de documentos comprobat√≥rios na revis√£o final",,N√£o se Aplica,23
20,"Um duvida: poderemos fazer sugest√µes de altera√ß√£o nas descri√ß√µes dos objetivos dos programas?
","Sim, √© poss√≠vel sugerir altera√ß√µes nos atributos do programa, incluindo o t√≠tulo, descri√ß√£o do problema ou oportunidade e objetivos. Embora n√£o haja um guia espec√≠fico para isso, √© importante seguir os passos descritos nas se√ß√µes 4.1 e 4.2 do guia operacional para propor a inclus√£o de nova Iniciativa, Produto e A√ß√£o Or√ßament√°ria, e para editar itens de planejamento antes da conclus√£o da atividade. Al√©m disso, √© fundamental realizar um monitoramento cont√≠nuo e uma an√°lise cr√≠tica das informa√ß√µes para subsidiar a tomada de decis√µes e a corre√ß√£o de rumos das a√ß√µes de governo.","[Sim, √© poss√≠vel propor altera√ß√µes nas descri√ß√µes dos objetivos dos programas durante a revis√£o do PPA 2024-2027, desde que alinhadas √†s diretrizes estrat√©gicas do governo e validadas pela equipe central da SEPLAG/SUPLAN. As mudan√ßas devem garantir coer√™ncia entre objetivos, produtos e indicadores, e precisam ser submetidas para aprova√ß√£o ap√≥s an√°lise t√©cnica.]",LLM 2,SIM,6; 7; 8
21,O per√≠odo de revis√£o do PPA estar√° aberto at√© quando?,"O per√≠odo de revis√£o do PPA n√£o √© explicitamente definido nos textos fornecidos, e n√£o √© poss√≠vel determinar exatamente at√© quando o per√≠odo de revis√£o do PPA estar√° aberto. √â recomend√°vel consultar a resolu√ß√£o que institui a agenda de eventos para a Revis√£o do Plano Plurianual 2024-2027 para 2025 para obter informa√ß√µes mais precisas sobre os prazos legais da revis√£o do PPA."," O per√≠odo de revis√£o do PPA 2024-2027 estar√° aberto at√© 30 de junho de 2024, conforme estabelecido no Manual de Revis√£o do PPA 2025. Este prazo √© crucial para garantir que todas as propostas de altera√ß√£o sejam analisadas e incorporadas adequadamente ao plano.",LLM 2,N√ÉO,86
22,Poderia me informar se o PPA ainda √© Projeto de Lei?,"N√£o, o PPA n√£o √© mais um Projeto de Lei, mas sim um Plano Plurianual que √© enviado para a Assembleia Legislativa na forma de um Projeto de Lei. Ele declara o que o governo pretende realizar e indica os meios para a implementa√ß√£o das pol√≠ticas p√∫blicas.","O PPA (Plano Plurianual) √© inicialmente elaborado como Projeto de Lei e enviado √† Assembleia Legislativa para tramita√ß√£o. Ap√≥s an√°lise, emendas parlamentares e san√ß√£o do governante no final do ano, ele deixa de ser um projeto e entra em vigor como lei no in√≠cio do segundo ano de mandato. Portanto, sua condi√ß√£o como ""Projeto de Lei"" √© tempor√°ria, limitada ao per√≠odo de tramita√ß√£o legislativa. Ap√≥s a san√ß√£o, torna-se lei efetivamente.",LLM 2,N√ÉO,NA
23," Bom dia, esse prazo de ""data de in√≠cio de lan√ßamento da estrutura previsto no decreto de revis√£o/elabora√ß√£o"" √© para revis√£o da estrutura ou das metas tbm?","Sim, o prazo de ""data de in√≠cio de lan√ßamento da estrutura previsto no decreto de revis√£o/elabora√ß√£o"" se aplica tanto √† revis√£o da estrutura quanto √†s metas, e os prazos legais espec√≠ficos est√£o dispon√≠veis na Resolu√ß√£o SEPLAG N¬∫ 206, de 04 de abril de 2023.","O prazo de ""data de in√≠cio de lan√ßamento da estrutura"" se refere tanto √† revis√£o da estrutura (como iniciativas, produtos e ajustes metodol√≥gicos) quanto √†s metas f√≠sicas e financeiras associadas. Ambos os aspectos s√£o atualizados simultaneamente no sistema durante essa fase operacional, conforme estabelecido no decreto de revis√£o/elabora√ß√£o do PPA.",LLM 2,SIM,50
24,"Tem Decreto e Resolu√ß√£o a respeito da Revis√£o do PPA para ""Inserir o ano vigente""?","Sim, h√° um Decreto e uma Resolu√ß√£o sobre a Revis√£o do PPA, e a revis√£o √© v√°lida para o ano de 2025.","De acordo com os documentos analisados, n√£o h√° men√ß√£o espec√≠fica a Decretos ou Resolu√ß√µes que regulem a revis√£o do PPA para o ano vigente. As orienta√ß√µes apresentadas s√£o gen√©ricas e focam em aspectos t√©cnicos como ajustes de iniciativas, indicadores e alinhamento estrat√©gico. Para informa√ß√µes normativas atualizadas, recomenda-se consultar diretamente o Di√°rio Oficial da Uni√£o ou o portal do Minist√©rio da Economia, que costumam publicar os instrumentos legais relacionados ao ciclo do PPA.",LLM 1,N√ÉO,NA
25," Boa tarde, algu√©m poderia disponibilizar a Resolu√ß√£o Seplag N¬∫ 215 de 10 de maio de 2023? ","Desculpe, mas n√£o foi poss√≠vel encontrar a Resolu√ß√£o Seplag N¬∞ 215 de 10 de maio de 2023 com as ferramentas dispon√≠veis. Voc√™ pode tentar procurar em outros canais ou fontes oficiais para obter a informa√ß√£o desejada.","Desculpe, n√£o tenho acesso a documentos legais espec√≠ficos como a Resolu√ß√£o Seplag N¬∫ 215 de 10 de maio de 2023. Recomendo consultar o portal oficial do governo de Minas Gerais ou entrar em contato diretamente com a Secretaria de Estado de Planejamento e Gest√£o (Seplag) para obter o documento oficial.",LLM 1,N√ÉO,NA
26,"Boa tarde, gostaria de saber se teremos oficinas referente a ferramenta do SIPLAG, seja quanto ao preenchimento do PPA ou PLOA, desde j√° agrade√ßo.
","Sim, h√° oficinas de constru√ß√£o de iniciativas promovidas pela Secretaria de Estado de Planejamento e Gest√£o (SEPLAG) por meio da Rede de Planejamento, que podem ser √∫teis para a elabora√ß√£o do Plano Plurianual (PPA) e da Lei Or√ßament√°ria Anual (LOA) com o apoio do Sistema de Intelig√™ncia em Planejamento e Gest√£o (SIPLAG). Essas oficinas t√™m como objetivo capacitar os integrantes da rede interna de planejamento dos √≥rg√£os setoriais para a elabora√ß√£o da programa√ß√£o setorial do PPA e da LOA.","Sim, ser√£o realizadas oficinas relacionadas ao SIPLAG para o PPA e PLOA. A Rede de Planejamento (REDEPLAN) conduz **oficinas de constru√ß√£o de iniciativas** durante a elabora√ß√£o do PPA, onde s√£o definidos objetivos, produtos e indicadores alinhados √†s diretrizes governamentais, em colabora√ß√£o com as ASPLOs (Assessorias de Planejamento e Or√ßamento). Para o PLOA, h√° integra√ß√£o com o planejamento or√ßament√°rio, com foco na vincula√ß√£o entre a√ß√µes or√ßament√°rias (L4/L5) e as iniciativas do PPA.

A REDEPLAN disponibiliza materiais de apoio (manuais, tutoriais) e suporte t√©cnico via e-mail (*redeplan@planejamento.rj.gov.br*). Para participar, consulte o site da REDEPLAN (*https://www.redeplan.planejamento.rj.gov.br*) e verifique os requisitos t√©cnicos, como o uso do navegador Mozilla Firefox.",LLM 2,,NA
27," Ainda sobre a quest√£o dos ASPLOs. Nas indiretas n√£o √© necess√°rio a cria√ß√£o, pelo que vi no art.2¬∫. Que isso fica a crit√©rio da administra√ß√£o. 
D√∫vida, caso opte-se pela cria√ß√£o, a unidade deve observar na sua estrutura a supress√£o ou altera√ß√£o de outros cargos j√° existentes  para n√£o haver aumento de despesas? Entendo inicialmente que sim, mas isso s√≥ √© mencionado no art. 1¬∫ e n√£o no in√≠cio do decreto. Se esse for o caso, poder√≠amos s√≥ ter a publica√ß√£o dos integrantes da REDOR e REDEPLAN, √© isso? e portanto os atuais ponto focais seriam esses membros e/ou poderiam ter mais indica√ß√µes conforme consta no art.13  ¬ß 4¬∫??

","Sim, a unidade deve ter um controle rigoroso sobre os gastos e despesas para garantir que as iniciativas sejam vi√°veis e que os recursos sejam utilizados de forma eficiente. No entanto, n√£o h√° uma resposta direta √† pergunta sobre a cria√ß√£o de ASPLOs em indiretas e como isso afeta a estrutura da unidade. Em resumo, a cria√ß√£o de ASPLOs em indiretas n√£o √© necess√°ria, mas se optar por cri√°-las, a unidade deve observar a supress√£o ou altera√ß√£o de outros cargos existentes para n√£o haver aumento de despesas. Al√©m disso, a publica√ß√£o dos integrantes da REDOR e REDEPLAN pode ser suficiente, e os atuais pontos focais podem ser indicados como membros dessas equipes.","Conforme an√°lise do Decreto 48.413/23:

1. **Supress√£o/Altera√ß√£o de Cargos**: Embora o decreto n√£o mencione explicitamente obrigatoriedade de supress√£o de cargos para cria√ß√£o de ASPLOs na administra√ß√£o indireta (art. 2¬∫), a estrutura√ß√£o das redes de planejamento (REDOR/REDEPLAN) deve seguir modelos padronizados que pressup√µem integra√ß√£o com a estrutura existente. A racionalidade or√ßament√°ria √© impl√≠cita, devendo-se evitar sobreposi√ß√µes que gerem aumento de despesa.

2. **Composi√ß√£o das Redes**:
   - As unidades podem utilizar os atuais pontos focais como membros das redes (art. 13, ¬ß4¬∫), sem necessidade imediata de novas nomea√ß√µes.
   - O dispositivo permite flexibilidade para indica√ß√£o de outros integrantes conforme necessidade t√©cnica, desde que mantida a vincula√ß√£o com a governan√ßa e √°reas estrat√©gicas do √≥rg√£o.

3. **Obrigatoriedade**: A publica√ß√£o dos membros das redes √© mandat√≥ria, enquanto a cria√ß√£o de ASPLOs na administra√ß√£o indireta permanece facultativa, condicionada √† an√°lise de conveni√™ncia institucional e capacidade operacional.",LLM 2,SIM,102 ; 103
28,"No caso das indiretas, caso se opte pela cria√ß√£o do ASPLO, tamb√©m eh preciso haver publica√ß√£o no DOERJ,certo?","N√£o √© poss√≠vel determinar com certeza se √© necess√°rio haver publica√ß√£o no DOERJ para a cria√ß√£o do ASPLO no caso de indiretas, com base nas informa√ß√µes fornecidas.","De acordo com a an√°lise do Manual de Elabora√ß√£o do PPA 2024-2027, n√£o h√° men√ß√£o √† obrigatoriedade de publica√ß√£o no DOERJ (Di√°rio Oficial do Estado do Rio de Janeiro) para a cria√ß√£o de ASPLO (Arranjos Setoriais de Planejamento e Or√ßamento) na administra√ß√£o indireta. O documento enfatiza aspectos de governan√ßa, articula√ß√£o institucional e integra√ß√£o estrat√©gica, mas n√£o trata de formalidades legais espec√≠ficas como publica√ß√µes oficiais para estruturas organizacionais internas como a ASPLO. Recomenda-se consultar diretrizes espec√≠ficas de legisla√ß√£o estadual para valida√ß√£o formal deste procedimento.",LLM 2,SIM,102 ; 103
29,"Boa tarde, prezados.
Em cumprimento s√≥ Decreto 48.413/2023, para cria√ß√£o da assessoria de planejamento.
Basta a publica√ß√£o no Di√°rio Oficial da indica√ß√£o, conf ART 13 par√°grafo 4¬∞?","Desculpe, mas n√£o posso responder √† sua pergunta com as ferramentas dispon√≠veis. N√£o h√° informa√ß√µes suficientes nos textos fornecidos para determinar se a publica√ß√£o no Di√°rio Oficial da indica√ß√£o √© suficiente para a cria√ß√£o da assessoria de planejamento de acordo com o Decreto 48.413/2023. √â necess√°rio consultar o decreto original ou outras fontes oficiais para obter a resposta correta.","Conforme o Decreto 48.413/2023, a cria√ß√£o da Assessoria Setorial de Planejamento e Or√ßamento (ASPLO) requer mais do que apenas a publica√ß√£o da indica√ß√£o no Di√°rio Oficial. O Art. 13 ¬ß4¬∫ determina que:      

1. **Ato formal do titular**: Deve ser emitida uma resolu√ß√£o interna pelo dirigente do √≥rg√£o, seguindo o modelo anexo ao decreto, para estruturar formalmente a rede de planejamento (REDEPLAN).

2. **Estrutura√ß√£o organizacional**: O titular da ASPLO deve estar vinculado √† governan√ßa do √≥rg√£o (ex: Gabinete ou Subsecretaria Executiva) para garantir acesso estrat√©gico √† alta gest√£o.

3. **Defini√ß√£o de compet√™ncias**: √â obrigat√≥ria a formaliza√ß√£o das atribui√ß√µes espec√≠ficas, incluindo coordena√ß√£o do processo de planejamento, articula√ß√£o com a SEPLAG e integra√ß√£o entre planejamento e or√ßamento.

A publica√ß√£o no DO √© necess√°ria para transpar√™ncia, mas deve ser complementada por:
- Designa√ß√£o formal dos integrantes da REDEPLAN
- Integra√ß√£o efetiva com a estrutura de governan√ßa
- Estabelecimento de fluxos de trabalho conforme Arts. 17 a 21 do decreto",LLM 2,SIM,102 ; 103
30,"Bom dia. Na administra√ß√£o  indireta a suplente pode ser de n√≠vel m√©dio  ou tamb√©m  tem que ter n√≠vel  superior?

","Infelizmente, n√£o foi poss√≠vel encontrar informa√ß√µes espec√≠ficas sobre os requisitos de escolaridade para uma suplente na administra√ß√£o indireta nos textos fornecidos. √â recomend√°vel consultar outras fontes, como leis, regulamentos ou documentos oficiais da administra√ß√£o p√∫blica, para obter informa√ß√µes mais precisas e atualizadas sobre esse tema.","A documenta√ß√£o dispon√≠vel (guia operacional SIPLAG e manuais do PPA) n√£o especifica os requisitos de escolaridade para servidores suplentes na administra√ß√£o indireta. Recomenda-se consultar a legisla√ß√£o espec√≠fica do √≥rg√£o ou entidade em quest√£o, como estatutos, regimentos internos ou normas de recursos humanos, para verificar os crit√©rios aplic√°veis a cada caso.",LLM 2,,102 ; 103
31,"Quanto ao decreto, aqui temos uma assessoria de planejamento e gest√£o. Precisamos fazer a resolu√ß√£o que foi publicado o modelo no DO de 23/03?

","Sim, √© necess√°rio criar uma resolu√ß√£o com base no modelo publicado no DO de 23/03, seguindo os passos e diretrizes estabelecidos. Isso envolve entender o modelo, definir o objeto da resolu√ß√£o, redigir o texto, seguir a estrutura, revisar e consultar, aprovar, publicar, divulgar e implementar a resolu√ß√£o. √â importante considerar o contexto espec√≠fico e as necessidades da entidade ou √≥rg√£o emitente, bem como os requisitos legais e regulamentares aplic√°veis.","Com base nos documentos analisados (Manual de Revis√£o do PPA 2025 e Manual de Monitoramento 2024-2027), n√£o foi identificada men√ß√£o a uma resolu√ß√£o espec√≠fica publicada no DO em 23/03/2023. O Decreto n¬∫ 48.413/2023 (21/03/2023) estabelece as ASPLOs, mas sem refer√™ncia ao modelo citado. Recomendo: 1) Verificar diretamente o Di√°rio Oficial da data mencionada; 2) Consultar a Assessoria de Planejamento da Secretaria de Estado de Planejamento e Gest√£o (SEPLAG-RJ) para esclarecimentos espec√≠ficos sobre o ato normativo em quest√£o.",,N√£o se Aplica,102 ; 103
32,"Boa tarde, algu√©m tem a minuta de resolu√ß√£o  do Anexo √önico do decreto 48.413?
Boa tarde. Estou com d√∫vidas referente ao Decreto 48413.","Desculpe, mas n√£o h√° informa√ß√µes dispon√≠veis sobre o Anexo √önico do Decreto 48413 e o modelo de resolu√ß√£o nos textos fornecidos. Se voc√™ tiver mais alguma d√∫vida ou precisar de ajuda com algo mais, estou √† disposi√ß√£o.","Desculpe, mas n√£o tenho acesso √† minuta de resolu√ß√£o do Anexo √önico do Decreto 48.413. Recomendo consultar o site oficial da prefeitura ou entrar em contato diretamente com o setor respons√°vel pela elabora√ß√£o do PPA para obter o documento solicitado.",,N√£o se Aplica,102 ; 103
33,"Aqui na EMATER j√° temos essa Assessoria a bastante tempo
Como devemos proceder com rela√ß√£o √†s indica√ß√µes. Necessario alguma publica√ß√£o  ou pode ser por email as indica√ß√µes como fazemos todo ano
Evelise, como voc√™ est√° numa entidade da administra√ß√£o indireta, sim, basta fazer a indica√ß√£o por e-mail, como todos os anos. Contudo, h√° par√¢metros inclusive para estas indica√ß√µes, conforme par√°grafo 2¬∫ do Art. 13
","Infelizmente, n√£o foi poss√≠vel encontrar informa√ß√µes espec√≠ficas sobre os par√¢metros para indica√ß√µes de Assessoria na EMATER com as ferramentas dispon√≠veis. √â recomend√°vel consultar diretamente a equipe de suporte do SIPLAG ou a Assessoria mencionada para obter mais informa√ß√µes sobre o assunto.","Conforme as diretrizes do Manual de Elabora√ß√£o do PPA 2024-2027, para entidades da administra√ß√£o indireta como a EMATER:

1. **A indica√ß√£o por e-mail √© suficiente**, mantendo a pr√°tica anual, desde que formalizada pelos dirigentes m√°ximos da entidade;

2. Devem observar os par√¢metros do Art. 13 ¬ß2¬∫:
   - Designa√ß√£o feita pela governan√ßa (alta administra√ß√£o)
   - Integra√ß√£o do indicado na rede interna de planejamento
   - Articula√ß√£o com √°reas final√≠sticas, or√ßament√°rias e de governan√ßa
   - Atua√ß√£o alinhada √†s normas t√©cnicas da SEPLAG

N√£o √© necess√°ria publica√ß√£o formal adicional, mas recomenda-se registrar a indica√ß√£o em documento interno para fins de transpar√™ncia e presta√ß√£o de contas.",LLM 2,SIM,103; 106
34,"Continuo com as 2 Redes com indica√ß√£o em ambas como temos at√© agora
",-,-,,,NA
35,"Uma d√∫vida quanto a esse decreto, quando o ""Art. 3¬∫ - Dever√£o ser designados como titulares das ASPLOS, preferencialmente, servidores p√∫blicos efetivos da carreira de Especialista
em Pol√≠ticas P√∫blicas e Gest√£o Governamental, Planejamento e Or√ßamento - EPPGGPO, de que trata a Lei Estadual 5.355, de 23 de
dezembro de 2008""
Nada impede que seja indicado um ""n√£o-servidor"" correto?

","Sim, nada impede que seja indicado um ""n√£o-servidor"" como titular das ASPLOS, desde que atendam aos requisitos e crit√©rios estabelecidos pelo decreto e pela legisla√ß√£o vigente. A palavra ""preferencialmente"" sugere que a prioridade √© para servidores p√∫blicos efetivos da carreira de Especialista em Pol√≠ticas P√∫blicas e Gest√£o Governamental, mas n√£o exclui a possibilidade de indica√ß√£o de outros candidatos.","De acordo com a an√°lise realizada, o Art. 3¬∫ do decreto estabelece uma **prefer√™ncia** para servidores efetivos da carreira EPPGGPO na designa√ß√£o das ASPLOs, mas **n√£o pro√≠be explicitamente** a indica√ß√£o de n√£o-servidores.

A legisla√ß√£o permite interpreta√ß√£o flex√≠vel nos seguintes termos:
1. A prioridade √© t√©cnica (perfil de articula√ß√£o institucional e conhecimento em planejamento)
2. N√£o-servidores podem ser designados excepcionalmente, desde que:
   - Integrem formalmente a Rede de Planejamento do √≥rg√£o (REDEPLAN)
   - Atendam aos requisitos de compet√™ncia definidos no Art. 17 do Decreto 48.413/23
3. A decis√£o final cabe ao titular do √≥rg√£o/entidade, que deve garantir a capacidade t√©cnica do indicado

Portanto, embora a norma oriente para a prioriza√ß√£o de servidores efetivos, n√£o h√° veda√ß√£o absoluta a outros profissionais, mantendo-se a responsabilidade do gestor pela indica√ß√£o qualificada",LLM 1,SIM,103; 106
36,Talvez seja melhor s√≥ indicar mesmo os integrantes da REDEPLAN e REDOR,-,,,,NA
37,"Disseram aqui anteriormente que, com a edi√ß√£o do Decreto 48413/2023, √© necess√°ria a publica√ß√£o em Di√°rio Oficial do titular e suplente da Redeplan e da Redor, segundo Art. 13, Par√°grafo 2¬∫, Inciso II (al√≠neas a e b)
",N√£o √© poss√≠vel fornecer uma resposta precisa sobre a implementa√ß√£o do Decreto 48413/2023 e a publica√ß√£o de titulares e suplentes da Redeplan e da Redor com base nas informa√ß√µes dispon√≠veis nos textos fornecidos.,"As informa√ß√µes espec√≠ficas do Decreto 48413/2023 mencionado n√£o constam nos manuais de revis√£o do PPA dispon√≠veis em meu contexto. Recomendo consultar diretamente o texto do decreto no Di√°rio Oficial ou em plataformas governamentais de legisla√ß√£o para verificar a exig√™ncia de publica√ß√£o dos titulares e suplentes da Redeplan e Redor, conforme alegado. Os manuais t√©cnicos do PPA focam em orienta√ß√µes metodol√≥gicas e processos de gest√£o, n√£o detalhando dispositivos legais espec√≠ficos.",,N√£o se Aplica,103
38," Sim, to alinhando td aqui pra sanar todas as d√∫vidas e preparar aqui do √≥rg√£o, que pelo menos n√£o precisa criar asplo",-,,,,103
39,"Bom dia, preciso tirar uma d√∫vida!! Quanto a publica√ß√£o da RIPLO, preciso citar os nomes dos representantes na Portaria?","Sim, os nomes dos representantes devem ser citados na Portaria, conforme lista fornecida: D√©bora Sader, Daniele da Concei√ß√£o Souza Louzeiro, D√©bora de Moura Calile, Gisela da Silva Machado, Leandro de Almeida Silva, Lucas Alencar de Mello Mendon√ßa Barbosa, Luciana Ferreira de Almeida, Juliana Guedes da Motta Silva, Mariana Marques da Silva Mattos, Nathalia Cardoso Laquini, Suellem Henriques da Silva, Vatusi de Paula Silva, Vitor Vilar Drumond, Yasmim de Menezes Garcia.","Sim, conforme estabelecido no Decreto 48.413/23 e no modelo de resolu√ß√£o anexo, os nomes dos representantes da RIPLO devem ser oficializados em Portaria. A designa√ß√£o deve incluir a lota√ß√£o e as atribui√ß√µes espec√≠ficas de cada participante, garantindo transpar√™ncia e formaliza√ß√£o das responsabilidades. Essa pr√°tica assegura o alinhamento com as diretrizes do Sistema de Planejamento e Or√ßamento do Estado do Rio de Janeiro durante o ciclo do PPA 2024-2027.",LLM 2,SIM,102; 103
40,"Tem tbm a d√∫vida qt ao art.3 se devemos indicar:
-nomes dos representantes das √°reas final√≠sticas
-governan√ßa
-respons√°vel exec. Or√ßament√°ria","Sim, √© necess√°rio indicar os nomes dos representantes das √°reas final√≠sticas, governan√ßa e respons√°vel pela execu√ß√£o or√ßament√°ria, pois eles t√™m pap√©is importantes no processo de planejamento e monitoramento do PPA, como prestar informa√ß√µes, monitorar entregas e resultados, avaliar a programa√ß√£o, garantir que os instrumentos de planejamento reflitam as prioridades estrat√©gicas do √≥rg√£o e prestar informa√ß√µes sobre a execu√ß√£o or√ßament√°ria.","De acordo com o manual de elabora√ß√£o do PPA 2024-2027, **√© necess√°rio formalizar institucionalmente as fun√ß√µes** dos representantes das √°reas final√≠sticas, governan√ßa e respons√°vel executivo or√ßament√°rio. Entretanto, o manual n√£o especifica a obrigatoriedade de **indicar nomes espec√≠ficos** de pessoas f√≠sicas para esses cargos. A abordagem recomendada √©:

1. **Designar formalmente as fun√ß√µes** (ex: ""Coordenador de Planejamento da Secretaria X"")
2. Estabelecer mecanismos de **identifica√ß√£o institucional** dos respons√°veis
3. Garantir que essas atribui√ß√µes estejam vinculadas √†s estruturas organizacionais existentes

A indica√ß√£o de nomes espec√≠ficos fica a crit√©rio de cada √≥rg√£o, desde que mantida a **responsabiliza√ß√£o formal** pelas fun√ß√µes previstas no art. 3¬∫. Recomenda-se consultar normas complementares da administra√ß√£o p√∫blica local para eventual exig√™ncia espec√≠fica.",LLM 2,SIM,102; 103; 106
41,"Bom dia. Tamb√©m tenho d√∫vidas.  Sou indireta. Devo fazer as indica√ß√µes e publicar ou basta as indica√ß√µes e encaminhar sem publica√ß√£o.

","Sim, como unidade indireta, voc√™ deve fazer as indica√ß√µes e publicar os relat√≥rios de monitoramento do PPA. O procedimento envolve v√°rias etapas, incluindo o monitoramento dos produtos e indicadores, registro no SIPLAG, acompanhamento e an√°lise cr√≠tica, consolida√ß√£o dos relat√≥rios, publica√ß√£o, compartilhamento de informa√ß√µes e tomada de decis√µes baseadas em evid√™ncias. Portanto, n√£o basta apenas fazer as indica√ß√µes e encaminhar sem publica√ß√£o, pois a publica√ß√£o √© uma etapa crucial para garantir a transpar√™ncia e o acesso da sociedade √†s informa√ß√µes sobre o desempenho do governo.","Para as administra√ß√µes indiretas (autarquias, funda√ß√µes e empresas p√∫blicas), **n√£o √© necess√°ria publica√ß√£o pr√≥pria** das indica√ß√µes relacionadas ao PPA. O procedimento consiste em:

1. Indica√ß√£o interna de servidores respons√°veis para integrar a REDEPLAN;
2. Envio formal das propostas √† SEPLAG dentro do cronograma;
3. Registro das informa√ß√µes no SIPLAG.

A transpar√™ncia ocorre posteriormente por meio do PPA consolidado enviado √† Assembleia Legislativa, conforme determina√ß√£o legal (Decreto 48.444/23 e Resolu√ß√£o SEPLAG 206/23). Portanto, basta realizar as indica√ß√µes e encaminhar √† SEPLAG sem necessidade de publica√ß√£o pr√≥pria pela entidade indireta.",LLM 2,N√ÉO,102
42,"Sou indireta e TB tinha entendido q n√£o precisava publicar, por√©m precisa. Ent√£o peguei os mesmos nomes que seriam os pontos focais ( titular e suplente) para PPA, PIERJ e Indicadores para redeplan e os pontos focais do PCA, POD...para redor. Enviei para o gabinete da presid√™ncia nossas comprova√ßoes de qualifica√ß√£o e foi.
Bom dia, como o atendimento ao Decreto 48.413/23 est√° gerando muitas d√∫vidas, principalmente para as indiretas, n√£o seria poss√≠vel a Seplag nos enviar um passo a passo para podermos atende-lo plenamente, sem erros de Interpreta√ß√£o? √â s√≥ uma sugest√£o!
","Para atender ao Decreto 48.413/23, √© necess√°rio seguir os passos abaixo: acessar o SIPLAG, inserir as informa√ß√µes de acesso, acessar a Minha Agenda, selecionar a Unidade de Planejamento, propor a inclus√£o de nova Iniciativa, preencher os campos necess√°rios, salvar a proposta de Iniciativa e concluir a revis√£o. Al√©m disso, √© importante consultar a Tabela Base do SIPLAG e respeitar os atributos obrigat√≥rios para cada item de planejamento. √â fundamental seguir as orienta√ß√µes gerais para a elabora√ß√£o do Plano Plurianual (PPA) e atender √†s atribui√ß√µes dos representantes das √°reas final√≠sticas, representantes da governan√ßa e representantes da √°rea respons√°vel pela operacionaliza√ß√£o da execu√ß√£o or√ßament√°ria.","A implementa√ß√£o do Decreto 48.413/23 no contexto do PPA 2024-2027 segue as orienta√ß√µes do Guia Operacional SIPLAG, que detalha:

1. **Acesso ao SIPLAG**:
   - Login em http://www.siplag.rj.gov.br/ com CPF e senha.
   - Sele√ß√£o do exerc√≠cio 2024 em ""Minha Agenda"".

2. **Designa√ß√£o de Pontos Focais**:
   - Indica√ß√£o de executores setoriais (titular e suplente) para cadastro de iniciativas e vincula√ß√£o a produtos/a√ß√µes or√ßament√°rias.

3. **Valida√ß√£o T√©cnica**:
   - Comprova√ß√£o de qualifica√ß√£o via envio de documentos ao gabinete da Presid√™ncia (como mencionado em sua experi√™ncia).
   - Associa√ß√£o obrigat√≥ria de indicadores (ex.: I0001) e preenchimento de atributos como justificativa e estrat√©gia.

4. **Submiss√£o**:
   - Propostas validadas s√£o encaminhadas para an√°lise de conformidade no SIPLAG.

Para esclarecimentos espec√≠ficos sobre o decreto, recomenda-se contato direto com a SEPLAG/RJ (planejamento@seplag.rj.gov.br), pois o guia operacional n√£o aborda detalhes normativos do decreto. Sua sugest√£o de um passo a passo espec√≠fico ser√° encaminhada como feedback √† equipe t√©cnica.",LLM 2,N√ÉO,102; 103
43,Bom dia. Tamb√©m tenho d√∫vidas.  Sou indireta. Devo fazer as indica√ß√µes e publicar ou basta as indica√ß√µes e encaminhar sem publica√ß√£o?,"Infelizmente, n√£o foi poss√≠vel encontrar informa√ß√µes espec√≠ficas sobre ""indica√ß√µes e publica√ß√£o para indireta"" nos textos fornecidos. Recomendo consultar as fontes oficiais do governo ou os sites respons√°veis por esses processos para obter informa√ß√µes precisas sobre o assunto. Al√©m disso, √© importante verificar se h√° algum manual ou regulamento espec√≠fico que aborde o processo de indica√ß√£o e publica√ß√£o para indireta. Se tiver mais alguma d√∫vida ou precisar de ajuda adicional, n√£o hesite em perguntar.","Para entidades da administra√ß√£o indireta, n√£o √© necess√°ria a publica√ß√£o direta das indica√ß√µes do PPA. O processo consiste em consolidar as propostas no SIPLAG, valid√°-las internamente e encaminh√°-las formalmente √† SEPLAG. A publica√ß√£o oficial ocorre apenas ap√≥s a aprova√ß√£o legislativa do PPA como lei, que incluir√° todas as contribui√ß√µes validadas. Portanto, basta o envio das indica√ß√µes sem publica√ß√£o pr√©via pela entidade.",LLM 2,SIM,102
44,Bom dia. Qual o prazo para encaminhar os dados do primeiro quadrimestre do PPA 2024?,"O prazo para encaminhar os dados do primeiro quadrimestre do PPA 2024 √© at√© o final do primeiro quadrimestre, que √© abril. No entanto, √© importante notar que n√£o h√° uma data espec√≠fica mencionada no manual e que o relat√≥rio de monitoramento ser√° gerado e publicado ap√≥s o registro das metas realizadas no SIPLAG.","O prazo para encaminhar os dados do primeiro quadrimestre do PPA 2024 √© at√© 30 de maio de 2024, conforme estabelecido no Manual de Monitoramento.",LLM 2,,73; 76
45,"J√° temos resolu√ß√£o de monitoramento do PPA para o ano ""preencher o ano vigente""?","Sim, j√° temos resolu√ß√£o de monitoramento do PPA para o ano vigente, que envolve o acompanhamento e an√°lise cr√≠tica das metas f√≠sicas dos produtos e dos resultados dos indicadores das iniciativas, com o objetivo de contribuir para a tomada de decis√µes informadas e a corre√ß√£o de rumos quando necess√°rio.","Sim, o monitoramento do PPA 2024-2027 est√° estabelecido com ciclos quadrimestrais atrav√©s do sistema SIPLAG, conforme detalhado no Manual de Monitoramento. O processo inclui registro obrigat√≥rio de metas f√≠sicas e indicadores, com atualiza√ß√µes realistas sobre o status das entregas (ex: ""Em andamento"") e interdepend√™ncia entre √≥rg√£os setoriais. A metodologia pro√≠be registros de processos cont√≠nuos e prioriza resultados concretos, servindo de base para revis√µes peri√≥dicas do PPA. N√£o h√° men√ß√£o a uma resolu√ß√£o espec√≠fica com o ano ""preencher o ano vigente"", mas todo o processo regulamentado j√° est√° em vigor para o ciclo atual",,N√£o se Aplica,73 ; 74
46,Quando ser√° disponibilizado o SIPLAG para lan√ßamento dos dados (metas) do respectivo quadrimestre do PPA (inserir o ano vigente),"O SIPLAG estar√° dispon√≠vel para lan√ßamento dos dados do quadrimestre do PPA para o ano vigente durante a atividade de elabora√ß√£o ou revis√£o do PPA, e tamb√©m pode ser feita a qualquer momento, desde que o produto ou a√ß√£o j√° esteja em execu√ß√£o. Al√©m disso, a atividade de adequa√ß√£o de metas ocorre no in√≠cio do ano, ap√≥s a abertura da execu√ß√£o or√ßament√°ria.","O SIPLAG est√° dispon√≠vel para lan√ßamento das metas quadrimestrais do PPA conforme os ciclos de monitoramento estabelecidos. As equipes de planejamento setorial devem realizar o preenchimento no sistema a cada quadrimestre, seguindo os tr√¢mites do SEI (criando um processo p√∫blico do tipo *Elabora√ß√£o de of√≠cio de mero expediente* com o formul√°rio de cadastro de usu√°rio anexado). Recomenda-se consultar os prazos espec√≠ficos e orienta√ß√µes atualizadas diretamente na plataforma SEI ou junto √† REDEPLAN para garantir o cumprimento dos cronogramas oficiais.",,N√£o se Aplica,73 ; 74
47,"Quando sera disponibilizado o SIPLAG para lancamento do relatorio do ""citar quadrimestre"" Quadrimestre do  PPA ""citar o exerc√≠cio""?","Infelizmente, n√£o foi poss√≠vel encontrar informa√ß√µes sobre quando o SIPLAG estar√° dispon√≠vel para o lan√ßamento do relat√≥rio do ""citar quadrimestre"" do PPA ""citar o exerc√≠cio"". Recomenda-se consultar diretamente a equipe respons√°vel pelo SIPLAG ou buscar informa√ß√µes adicionais em outros canais oficiais.","O SIPLAG √© disponibilizado para lan√ßamento do relat√≥rio quadrimestral do PPA conforme os marcos do ciclo de monitoramento estabelecidos pelo √ìrg√£o Central de Planejamento e REDEPLAN. Para informa√ß√µes espec√≠ficas sobre prazos ou atualiza√ß√µes, recomenda-se entrar em contato diretamente com a equipe respons√°vel atrav√©s do e-mail redeplan@planejamento.rj.gov.br ou com o analista designado para seu √≥rg√£o. N√£o h√° datas fixas pr√©-definidas no material consultado.",,N√£o se Aplica,74
48,"Apenas aparece o 1 e 2 quadrimestre. No email recebido, solicita-se que os dados sejam lan√ßados no sistema... J√° est√° dispon√≠vel para lan√ßamento ou √© necess√°rio esperar uma data espec√≠fica?
","O lan√ßamento de dados no sistema pode ser realizado de acordo com as orienta√ß√µes e procedimentos estabelecidos pelo √≥rg√£o central, que publica um guia operacional com o fluxo de lan√ßamento e oferece treinamento no sistema para os gestores do Siplag. No entanto, n√£o h√° informa√ß√µes espec√≠ficas sobre a disponibilidade de lan√ßamento de dados para os quadrimestres 3 e 4. √â recomend√°vel verificar o guia operacional e contatar o √≥rg√£o central para obter mais informa√ß√µes.","De acordo com o manual de monitoramento, os dados s√£o lan√ßados em per√≠odos quadrimestrais. Em 2024, h√° uma exce√ß√£o: todo o registro anual ser√° consolidado apenas em janeiro de 2025. Por√©m, para os quadrimestres individuais:

1. Primeiro quadrimestre (janeiro a abril) e segundo quadrimestre (maio a agosto) j√° est√£o dispon√≠veis para lan√ßamento durante seus respectivos per√≠odos.

Se voc√™ est√° vendo apenas os quadrimestres 1 e 2 no sistema, isso indica que:
- O terceiro quadrimestre (setembro a dezembro) s√≥ ser√° disponibilizado para registro a partir de setembro/2024
- Dados anuais/estrat√©gicos s√≥ podem ser inseridos no terceiro quadrimestre

Portanto, se os dados que voc√™ precisa registrar pertencem ao primeiro ou segundo quadrimestre de 2024, j√° est√£o liberados para lan√ßamento imediato no SIPLAG. Caso sejam dados anuais, dever√£o aguardar at√© setembro/2024 (ou janeiro/2025 para consolida√ß√£o final).",,N√£o se Aplica,74